train_mse,test_mse,test_mae
1.8968932843406965,4.029363745408592,1.5989432724844932
