train_mse,test_mse,test_mae
3.232571003542302,3.9080755328455563,1.6121876463874785
