Feature,Importance
dayoftheweek,0.36715841403814387
ordenador,0.2151581818443046
otrofactor,0.21152177440062114
bienestar,0.2061616297169303
