train_mse,test_mse,test_mae
3.5013849020893195,3.411262705159499,1.4727315639507728
