train_mse,test_mse,test_mae
3.2453720458446886,3.8272941194710643,1.5559884622280478
