train_mse,test_mse,test_mae
0.42201182786625896,3.088659624367708,1.4240670686256731
