train_mse,test_mse,test_mae
3.683446486308746,4.03643920676658,1.5990626751756538
