train_mse,test_mse,test_mae
0.6824013011231344,3.1316903854379032,1.40317504268084
