train_mse,test_mse,test_mae
3.4047822900437326,3.531029370920344,1.528615815852616
