train_mse,test_mse,test_mae
0.49007125018670655,3.6485081074626864,1.539379104477612
