train_mse,test_mse,test_mae
0.8364323785457433,3.1419381562636426,1.4058307537505275
