train_mse,test_mse,test_mae,test_max_error
3.642679101418882,4.2366798462984665,1.7206714413214623,5.497970907205021
