Feature,Importance
ordenador,0.2423346472526075
dayoftheweek,0.23879638220153074
otrofactor,0.21248709198610785
bienestar,0.19550103904484095
covid_motor,0.09904681242558029
drogas,0.011834027089332852
