train_mse,test_mse,test_mae
3.2171903085942795,3.72090518240094,1.6107835783497144
