train_mse,test_mse,test_mae
3.235646706721657,3.690408197979707,1.6056129051127723
