Feature,Importance
ordenador,0.24063238036041606
dayoftheweek,0.24008356564491928
otrofactor,0.2116484669195312
bienestar,0.1953896133369554
covid_motor,0.09863042726108505
drogas,0.013615546477093224
