train_mse,test_mse,test_mae
1.0850773393370292,3.1119564766609815,1.4005927135516936
