train_mse,test_mse,test_mae
3.2452261334412627,3.70201619041671,1.6128182012131898
