train_mse,test_mse,test_mae,test_max_error
3.439554893865802,3.226381900345778,1.4941876347452716,4.644834225999959
