Feature,Importance
dayoftheweek,0.306753025685164
ordenador,0.2294934325081952
bienestar,0.22388933781094483
otrofactor,0.20322673152855597
energia,0.036637472467140025
