Feature,Importance
dayoftheweek,0.2724777408945717
bienestar,0.25616209939840484
ordenador,0.22502015549105794
otrofactor,0.19187982268849915
energia,0.05446018152746631
