Feature,Importance
dayoftheweek,0.5466141810016029
otrofactor,0.2688238874944422
ordenador,0.18456193150395503
