Feature,Importance
ordenador,0.2415144017229623
dayoftheweek,0.23504910131736667
otrofactor,0.21211665436517105
bienestar,0.19188571858141576
covid_motor,0.09485862431561363
drogas,0.01241257506517259
alcohol,0.012162924632298032
