train_mse,test_mse,test_mae,test_max_error
3.350464971689084,3.3294813533088177,1.5162510653952823,4.5104662640182465
