train_mse,test_mse,test_mae
2.766445908046288,3.803393961506065,1.6112232609987847
