train_mse,test_mse,test_mae,test_max_error
2.7560209686128223,3.63777691947029,1.5073302973790017,5.142283695295072
