Feature,Importance
dayoftheweek,0.4480119746957819
ordenador,0.2864172243845211
otrofactor,0.26557080091969704
