train_mse,test_mse,test_mae
1.993967077357299,3.994871695527143,1.6690517746917295
