train_mse,test_mse,test_mae
2.2127907821682267,3.9860629199552093,1.6793344530981258
