Feature,Importance
dayoftheweek,0.30149139678309805
bienestar,0.2252804065973896
ordenador,0.19173437054518735
otrofactor,0.16136815455240316
energia,0.1201256715219219
