Feature,Importance
dayoftheweek,0.36179470758507315
bienestar,0.2548464114628637
ordenador,0.1952999890854713
otrofactor,0.18805889186659194
