train_mse,test_mse,test_mae
0.48294416781927146,3.127057851239669,1.4302479338842975
