train_mse,test_mse,test_mae,test_max_error
2.789957069401509,3.4453735850060907,1.4714309750192234,4.850084715029221
