Feature,Importance
dayoftheweek,0.2754518149493383
bienestar,0.2362901031342974
ordenador,0.19126104374227018
otrofactor,0.18260358642973684
covid_motor,0.1042909513672715
drogas,0.010102500377085844
