Feature,Importance
dayoftheweek,0.25811311483953286
bienestar,0.24709112413277112
ordenador,0.15341201633705778
otrofactor,0.14239773116713128
covid_motor,0.12032089312130378
alcohol,0.058850041278235385
drogas,0.019815079123967683
