train_mse,test_mse,test_mae,test_max_error
3.61414246559971,4.262080600715777,1.7016293506744684,5.495462509223079
