Feature,Importance
dayoftheweek,0.2736160718143375
bienestar,0.25779922515703513
ordenador,0.1676964906793622
otrofactor,0.15116581016031694
covid_motor,0.1262977618241341
drogas,0.023424640364814276
