train_mse,test_mse,test_mae
3.000033533588577,3.9471874379522047,1.5575047573704002
