Feature,Importance
dayoftheweek,0.26724989714131203
bienestar,0.24501442250948532
ordenador,0.20686929330636655
otrofactor,0.16396741827800604
energia,0.11689896876482996
