train_mse,test_mse,test_mae
3.683815292886853,3.4777591700533277,1.4471958723464826
