train_mse,test_mse,test_mae
3.382473134342626,3.4199785263370592,1.4957893588503852
