Feature,Importance
otrofactor,0.28711757
ordenador,0.26426712
dayoftheweek,0.15750557
covid_motor,0.10505725
bienestar,0.095561534
drogas,0.05371111
alcohol,0.036779873
