train_mse,test_mse,test_mae,test_max_error
3.2198121543003437,3.476575763342042,1.5090236365795135,4.857760190963745
