train_mse,test_mse,test_mae
2.908829415578959,3.845985538104107,1.5762261416091294
