train_mse,test_mse,test_mae
3.175286079374407,3.5346838694805163,1.5575985748853003
