train_mse,test_mse,test_mae,test_max_error
3.2711184610781405,3.204417124537537,1.4703632208926618,4.783776760101318
