train_mse,test_mse,test_mae,test_max_error
3.712716032065944,3.9023841817962928,1.626787997474355,5.073496341705322
