train_mse,test_mse,test_mae
3.2299482692678105,3.4637454130165253,1.5570259264537267
