train_mse,test_mse,test_mae
3.098765419941573,3.489388717576694,1.5577159151434898
