train_mse,test_mse,test_mae
2.7221370452497933,3.646289952196876,1.580673309309142
